-- Script de carga de datos de prueba

-- AUTORES
INSERT INTO autores_autor (nombre, apellido) VALUES
('Juan', 'Pérez'),
('María', 'González'),
('Carlos', 'López'),
('Ana', 'Martínez'),
('Luis', 'Hernández'),
('Laura', 'García'),
('Jorge', 'Rodríguez'),
('Sofía', 'Fernández'),
('Diego', 'Sánchez'),
('Valentina', 'Torres'),
('Andrés', 'Ramírez'),
('Camila', 'Díaz'),
('Fernando', 'Morales'),
('Isabella', 'Vásquez'),
('Mateo', 'Jiménez'),
('Lucía', 'Cruz'),
('Sebastián', 'Reyes'),
('Victoria', 'Rojas'),
('Nicolás', 'Mendoza'),
('Emilia', 'Castillo'),
('Samuel', 'Salazar'),
('Renata', 'Ponce'),
('Gabriel', 'Cordero'),
('Mariana', 'Aguilar'),
('Alejandro', 'Ceballos'),
('Juliana', 'Bermúdez'),
('Pablo', 'Cárdenas'),
('Daniela', 'Serrano'),
('Cristian', 'Cruz'),
('Natalia', 'Patiño'),
('Julián', 'Salas'),
('Mía', 'Quintero'),
('Esteban', 'Gómez'),
('Valeria', 'Castaño'),
('Rafael', 'Hidalgo'),
('Santiago', 'Márquez'),
('Luciana', 'Pérez'),
('Felipe', 'Alvarez'),
('Ariana', 'Córdoba'),
('Martín', 'Soto'),
('Diana', 'López'),
('Gonzalo', 'Rincón'),
('Claudia', 'Salinas'),
('Hugo', 'Cifuentes'),
('Cecilia', 'Mora'),
('Ricardo', 'Pizarro'),
('Tatiana', 'Bolaños'),
('Leonardo', 'Cruz'),
('Margarita', 'Salazar'),
('Oscar', 'García');

-- CATEGORÍAS
INSERT INTO categorias_categoria (nombre) VALUES
('Ficción'),
('No Ficción'),
('Ciencia'),
('Historia'),
('Biografía'),
('Fantasía'),
('Misterio'),
('Romance'),
('Ciencia Ficción'),
('Terror'),
('Autoayuda'),
('Desarrollo Personal'),
('Literatura Infantil'),
('Cocina'),
('Viajes');

-- CLIENTES
INSERT INTO clientes_cliente (nombre, apellido, correo) VALUES
('Juan', 'Pérez', 'juan.perez1@email.com'),
('María', 'Gómez', 'maria.gomez2@email.com'),
('Carlos', 'López', 'carlos.lopez3@email.com'),
('Ana', 'Martínez', 'ana.martinez4@email.com'),
('Pedro', 'Sánchez', 'pedro.sanchez5@email.com'),
('Lucía', 'Fernández', 'lucia.fernandez6@email.com'),
('Sofía', 'Díaz', 'sofia.diaz7@email.com'),
('Martín', 'Torres', 'martin.torres8@email.com'),
('Valentina', 'Ramírez', 'valentina.ramirez9@email.com'),
('Mateo', 'Flores', 'mateo.flores10@email.com'),
('Agustina', 'Acosta', 'agustina.acosta11@email.com'),
('Joaquín', 'Silva', 'joaquin.silva12@email.com'),
('Camila', 'Castro', 'camila.castro13@email.com'),
('Benjamín', 'Ortiz', 'benjamin.ortiz14@email.com'),
('Mía', 'Suárez', 'mia.suarez15@email.com'),
('Tomás', 'Romero', 'tomas.romero16@email.com'),
('Emma', 'Peralta', 'emma.peralta17@email.com'),
('Santiago', 'Molina', 'santiago.molina18@email.com'),
('Valeria', 'Vega', 'valeria.vega19@email.com'),
('Franco', 'Rojas', 'franco.rojas20@email.com'),
('Julieta', 'Navarro', 'julieta.navarro21@email.com'),
('Lautaro', 'Cabrera', 'lautaro.cabrera22@email.com'),
('Victoria', 'Ibarra', 'victoria.ibarra23@email.com'),
('Lucas', 'Ponce', 'lucas.ponce24@email.com'),
('Renata', 'Sosa', 'renata.sosa25@email.com'),
('Facundo', 'Ferreyra', 'facundo.ferreyra26@email.com'),
('Martina', 'Luna', 'martina.luna27@email.com'),
('Nicolás', 'Méndez', 'nicolas.mendez28@email.com'),
('Paula', 'Villar', 'paula.villar29@email.com'),
('Bruno', 'Moreno', 'bruno.moreno30@email.com');

-- EDITORIALES
INSERT INTO editoriales_editorial (nombre) VALUES
('Editorial Planeta'),
('Penguin Random House'),
('Grupo Anaya'),
('Ediciones SM'),
('HarperCollins'),
('Alfaguara'),
('Tusquets Editores'),
('Roca Editorial'),
('Ediciones B'),
('Lumen'),
('Anagrama'),
('Ediciones Akal'),
('Círculo de Lectores'),
('Editorial Espasa'),
('Ediciones Salamandra'),
('Ediciones Urano'),
('Editorial Océano'),
('Ediciones Destino'),
('Editorial Siruela'),
('Editorial La Galera'),
('Ediciones El País'),
('Editorial Juventud'),
('Ediciones del Serbal'),
('Editorial Planeta de Agostini'),
('Editorial Ediciones de la Torre');

-- EMPLEADOS
-- Hash de la contraseña '123456' generada con PBKDF2
INSERT INTO empleados_empleado (password, first_name, last_name, email, rol, is_superuser, is_staff, is_active, username, date_joined) VALUES
('pbkdf2_sha256$1000000$w9Yz7NY2wEerzSWehOGfjN$DDhzA7kWHFkDt0YjZHZkx4SM3J+snAy4NH/VHMyb4Xk=', 'Juan', 'Pérez', 'admin@yenny.com', 'ADMIN', true, true, true, 'admin@yenny.com', '2025-10-21'),
('pbkdf2_sha256$1000000$w9Yz7NY2wEerzSWehOGfjN$DDhzA7kWHFkDt0YjZHZkx4SM3J+snAy4NH/VHMyb4Xk=', 'María', 'Gómez', 'encargada@yenny.com', 'ENCARGADO', true, false, true, 'encargada@yenny.com', '2025-10-21'),
('pbkdf2_sha256$1000000$w9Yz7NY2wEerzSWehOGfjN$DDhzA7kWHFkDt0YjZHZkx4SM3J+snAy4NH/VHMyb4Xk=', 'Carlos', 'López', 'vendedor1@yenny.com', 'VENDEDOR', true, false, true, 'vendedor1@yenny.com', '2025-10-21'),
('pbkdf2_sha256$1000000$w9Yz7NY2wEerzSWehOGfjN$DDhzA7kWHFkDt0YjZHZkx4SM3J+snAy4NH/VHMyb4Xk=', 'Ana', 'Martínez', 'vendedor2@yenny.com', 'VENDEDOR', true, false, true, 'vendedor2@yenny.com', '2025-10-21'),
('pbkdf2_sha256$1000000$w9Yz7NY2wEerzSWehOGfjN$DDhzA7kWHFkDt0YjZHZkx4SM3J+snAy4NH/VHMyb4Xk=', 'Lucía', 'Fernández', 'vendedor3@yenny.com', 'ENCARGADO', true, false, true, 'vendedor3@yenny.com', '2025-10-21'),
('pbkdf2_sha256$1000000$w9Yz7NY2wEerzSWehOGfjN$DDhzA7kWHFkDt0YjZHZkx4SM3J+snAy4NH/VHMyb4Xk=', 'Pedro', 'Sánchez', 'vendedor4@yenny.com', 'VENDEDOR', true, false, true, 'vendedor4@yenny.com', '2025-10-21');

-- LIBROS
INSERT INTO libros_libro (titulo, autor_id, editorial_id, categoria_id, precio, stock, created_at, updated_at) VALUES
('El viaje de Juan', 1, 1, 1, 3500.00, 10, '2025-10-21', '2025-10-21'),
('Caminos de María', 2, 2, 2, 4200.00, 8, '2025-10-21', '2025-10-21'),
('Historias de Carlos', 3, 3, 3, 2800.00, 15, '2025-10-21', '2025-10-21'),
('Sueños de Ana', 4, 4, 4, 3900.00, 12, '2025-10-21', '2025-10-21'),
('El misterio de Luis', 5, 5, 5, 3100.00, 7, '2025-10-21', '2025-10-21'),
('La receta de Laura', 6, 6, 6, 2500.00, 20, '2025-10-21', '2025-10-21'),
('Aventuras de Jorge', 7, 7, 7, 4700.00, 9, '2025-10-21', '2025-10-21'),
('El secreto de Sofía', 8, 8, 8, 3300.00, 11, '2025-10-21', '2025-10-21'),
('El destino de Diego', 9, 9, 9, 3600.00, 13, '2025-10-21', '2025-10-21'),
('Valentina y el mar', 10, 10, 10, 2950.00, 6, '2025-10-21', '2025-10-21'),
('Ramírez en la ciudad', 11, 11, 11, 4100.00, 14, '2025-10-21', '2025-10-21'),
('Camila y el bosque', 12, 12, 12, 2700.00, 10, '2025-10-21', '2025-10-21'),
('Morales y la luna', 13, 13, 13, 3200.00, 8, '2025-10-21', '2025-10-21'),
('Isabella y el sol', 14, 14, 14, 3800.00, 7, '2025-10-21', '2025-10-21'),
('El diario de Mateo', 15, 15, 15, 3400.00, 12, '2025-10-21', '2025-10-21'),
('Lucía y la montaña', 16, 16, 1, 2600.00, 9, '2025-10-21', '2025-10-21'),
('Sebastián y el río', 17, 17, 2, 3000.00, 11, '2025-10-21', '2025-10-21'),
('Victoria y el viento', 18, 18, 3, 4500.00, 13, '2025-10-21', '2025-10-21'),
('Nicolás y el tren', 19, 19, 4, 3700.00, 10, '2025-10-21', '2025-10-21'),
('Emilia y el jardín', 20, 20, 5, 2900.00, 8, '2025-10-21', '2025-10-21'),
('Samuel y el dragón', 21, 21, 6, 4100.00, 7, '2025-10-21', '2025-10-21'),
('Renata y el castillo', 22, 22, 7, 3300.00, 14, '2025-10-21', '2025-10-21'),
('Gabriel y el bosque', 23, 23, 8, 3600.00, 12, '2025-10-21', '2025-10-21'),
('Mariana y el lago', 24, 24, 9, 2800.00, 9, '2025-10-21', '2025-10-21'),
('Alejandro y el volcán', 25, 25, 10, 3900.00, 11, '2025-10-21', '2025-10-21'),
('Juliana y el desierto', 26, 1, 11, 3500.00, 10, '2025-10-21', '2025-10-21'),
('Pablo y el bosque', 27, 2, 12, 4200.00, 8, '2025-10-21', '2025-10-21'),
('Daniela y el océano', 28, 3, 13, 2800.00, 15, '2025-10-21', '2025-10-21'),
('Cristian y el faro', 29, 4, 14, 3900.00, 12, '2025-10-21', '2025-10-21'),
('Natalia y el bosque', 30, 5, 15, 3100.00, 7, '2025-10-21', '2025-10-21'),
('Julián y el bosque', 31, 6, 1, 2500.00, 20, '2025-10-21', '2025-10-21'),
('Mía y el bosque', 32, 7, 2, 4700.00, 9, '2025-10-21', '2025-10-21'),
('Esteban y el bosque', 33, 8, 3, 3300.00, 11, '2025-10-21', '2025-10-21'),
('Valeria y el bosque', 34, 9, 4, 3600.00, 13, '2025-10-21', '2025-10-21'),
('Rafael y el bosque', 35, 10, 5, 2950.00, 6, '2025-10-21', '2025-10-21'),
('Santiago y el bosque', 36, 11, 6, 4100.00, 14, '2025-10-21', '2025-10-21'),
('Luciana y el bosque', 37, 12, 7, 2700.00, 10, '2025-10-21', '2025-10-21'),
('Felipe y el bosque', 38, 13, 8, 3200.00, 8, '2025-10-21', '2025-10-21'),
('Ariana y el bosque', 39, 14, 9, 3800.00, 7, '2025-10-21', '2025-10-21'),
('Martín y el bosque', 40, 15, 10, 3400.00, 12, '2025-10-21', '2025-10-21');

-- VENTAS
INSERT INTO ventas_venta (cliente_id, empleado_id, fecha, total, created_at, updated_at) VALUES
(1, 1, '2025-10-21 10:00:00', 7700.00, '2025-10-21 10:00:00', '2025-10-21 10:00:00'),
(2, 2, '2025-10-21 10:00:00', 11100.00, '2025-10-21 10:00:00', '2025-10-21 10:00:00'),
(3, 3, '2025-10-21 10:00:00', 6700.00, '2025-10-21 10:00:00', '2025-10-21 10:00:00'),
(4, 4, '2025-10-21 10:00:00', 3900.00, '2025-10-21 10:00:00', '2025-10-21 10:00:00'),
(5, 5, '2025-10-21 10:00:00', 2950.00, '2025-10-21 10:00:00', '2025-10-21 10:00:00'),
(6, 6, '2025-10-21 10:00:00', 4700.00, '2025-10-21 10:00:00', '2025-10-21 10:00:00'),
(7, 1, '2025-10-21 10:00:00', 6600.00, '2025-10-21 10:00:00', '2025-10-21 10:00:00'),
(8, 2, '2025-10-21 10:00:00', 7200.00, '2025-10-21 10:00:00', '2025-10-21 10:00:00'),
(9, 3, '2025-10-21 10:00:00', 3600.00, '2025-10-21 10:00:00', '2025-10-21 10:00:00'),
(10, 4, '2025-10-21 10:00:00', 8200.00, '2025-10-21 10:00:00', '2025-10-21 10:00:00'),
(11, 5, '2025-10-21 10:00:00', 4100.00, '2025-10-21 10:00:00', '2025-10-21 10:00:00'),
(12, 6, '2025-10-21 10:00:00', 2700.00, '2025-10-21 10:00:00', '2025-10-21 10:00:00'),
(13, 1, '2025-10-21 10:00:00', 3200.00, '2025-10-21 10:00:00', '2025-10-21 10:00:00'),
(14, 2, '2025-10-21 10:00:00', 7600.00, '2025-10-21 10:00:00', '2025-10-21 10:00:00'),
(15, 3, '2025-10-21 10:00:00', 3400.00, '2025-10-21 10:00:00', '2025-10-21 10:00:00'),
(16, 4, '2025-10-21 10:00:00', 2600.00, '2025-10-21 10:00:00', '2025-10-21 10:00:00'),
(17, 5, '2025-10-21 10:00:00', 6000.00, '2025-10-21 10:00:00', '2025-10-21 10:00:00'),
(18, 6, '2025-10-21 10:00:00', 4500.00, '2025-10-21 10:00:00', '2025-10-21 10:00:00'),
(19, 1, '2025-10-21 10:00:00', 3700.00, '2025-10-21 10:00:00', '2025-10-21 10:00:00'),
(20, 2, '2025-10-21 10:00:00', 2900.00, '2025-10-21 10:00:00', '2025-10-21 10:00:00'),
(21, 3, '2025-10-21 10:00:00', 4100.00, '2025-10-21 10:00:00', '2025-10-21 10:00:00'),
(22, 4, '2025-10-21 10:00:00', 3300.00, '2025-10-21 10:00:00', '2025-10-21 10:00:00'),
(23, 5, '2025-10-21 10:00:00', 3600.00, '2025-10-21 10:00:00', '2025-10-21 10:00:00'),
(24, 6, '2025-10-21 10:00:00', 2800.00, '2025-10-21 10:00:00', '2025-10-21 10:00:00'),
(25, 1, '2025-10-21 10:00:00', 3900.00, '2025-10-21 10:00:00', '2025-10-21 10:00:00');

-- VENTA LIBRO
INSERT INTO ventas_ventalibro (venta_id, libro_id, cantidad, precio_unitario, subtotal, created_at, updated_at) VALUES
(1, 1, 2, 3500.00, 7000.00, '2025-10-21 10:00:00', '2025-10-21 10:00:00'),
(1, 2, 1, 700.00, 700.00, '2025-10-21 10:00:00', '2025-10-21 10:00:00'),
(2, 3, 3, 2800.00, 8400.00, '2025-10-21 10:00:00', '2025-10-21 10:00:00'),
(2, 4, 1, 2700.00, 2700.00, '2025-10-21 10:00:00', '2025-10-21 10:00:00'),
(3, 5, 2, 3100.00, 6200.00, '2025-10-21 10:00:00', '2025-10-21 10:00:00'),
(3, 6, 1, 500.00, 500.00, '2025-10-21 10:00:00', '2025-10-21 10:00:00'),
(4, 7, 1, 3900.00, 3900.00, '2025-10-21 10:00:00', '2025-10-21 10:00:00'),
(5, 8, 2, 1475.00, 2950.00, '2025-10-21 10:00:00', '2025-10-21 10:00:00'),
(6, 9, 1, 4700.00, 4700.00, '2025-10-21 10:00:00', '2025-10-21 10:00:00'),
(7, 10, 2, 3300.00, 6600.00, '2025-10-21 10:00:00', '2025-10-21 10:00:00'),
(8, 11, 3, 2400.00, 7200.00, '2025-10-21 10:00:00', '2025-10-21 10:00:00'),
(9, 12, 1, 3600.00, 3600.00, '2025-10-21 10:00:00', '2025-10-21 10:00:00'),
(10, 13, 2, 4100.00, 8200.00, '2025-10-21 10:00:00', '2025-10-21 10:00:00'),
(11, 14, 1, 4100.00, 4100.00, '2025-10-21 10:00:00', '2025-10-21 10:00:00'),
(12, 15, 1, 2700.00, 2700.00, '2025-10-21 10:00:00', '2025-10-21 10:00:00'),
(13, 16, 2, 1600.00, 3200.00, '2025-10-21 10:00:00', '2025-10-21 10:00:00'),
(14, 17, 2, 3800.00, 7600.00, '2025-10-21 10:00:00', '2025-10-21 10:00:00'),
(15, 18, 1, 3400.00, 3400.00, '2025-10-21 10:00:00', '2025-10-21 10:00:00'),
(16, 19, 1, 2600.00, 2600.00, '2025-10-21 10:00:00', '2025-10-21 10:00:00'),
(17, 20, 3, 2000.00, 6000.00, '2025-10-21 10:00:00', '2025-10-21 10:00:00'),
(18, 21, 1, 4500.00, 4500.00, '2025-10-21 10:00:00', '2025-10-21 10:00:00'),
(19, 22, 1, 3700.00, 3700.00, '2025-10-21 10:00:00', '2025-10-21 10:00:00'),
(20, 23, 1, 2900.00, 2900.00, '2025-10-21 10:00:00', '2025-10-21 10:00:00'),
(21, 24, 2, 2050.00, 4100.00, '2025-10-21 10:00:00', '2025-10-21 10:00:00'),
(22, 25, 1, 3300.00, 3300.00, '2025-10-21 10:00:00', '2025-10-21 10:00:00'),
(23, 26, 2, 1800.00, 3600.00, '2025-10-21 10:00:00', '2025-10-21 10:00:00'),
(24, 27, 1, 2800.00, 2800.00, '2025-10-21 10:00:00', '2025-10-21 10:00:00'),
(25, 28, 1, 3900.00, 3900.00, '2025-10-21 10:00:00', '2025-10-21 10:00:00');
